,parent,siblings,descendents,parent_descendents,mutations_in_clone,cell_fractions,age first detected,max cell fraction,variant color
stem cells,,[],"['TET2_p.S1593Afs*3', 'CBL_p.R420Q', 'TET2_p.H1380D', 'SRSF2_p.P95H', 'MPL_p.W515L', 'JAK2_p.V617F', 'chr19p_CNLOH', 'KRAS_p.G60D', 'chr9p_CNLOH']",0,0,"[2.34, 10.43, 8.22, 9.57, 10.69, 20.31, 41.46]",0,41.46,#cccccc
TET2_p.S1593Afs*3,stem cells,['CBL_p.R420Q'],"['TET2_p.H1380D', 'SRSF2_p.P95H', 'MPL_p.W515L', 'JAK2_p.V617F', 'chr19p_CNLOH', 'KRAS_p.G60D', 'chr9p_CNLOH']",2,1,"[1.4399999999999977, 0, 1.0600000000000023, 0, 0.7399999999999949, 0, 2.3500000000000085]",58,2.3500000000000085,#9ecae1
CBL_p.R420Q,stem cells,['TET2_p.S1593Afs*3'],[],2,1,"[0.7, 0.41, 1.08, 0, 0, 0, 0]",58,1.08,#2171b5
TET2_p.H1380D,TET2_p.S1593Afs*3,[],"['SRSF2_p.P95H', 'MPL_p.W515L', 'JAK2_p.V617F', 'chr19p_CNLOH', 'KRAS_p.G60D', 'chr9p_CNLOH']",1,2,"[4.829999999999998, 1.710000000000008, 2.780000000000001, 0, 3.990000000000009, 0, 1.2299999999999898]",58,4.829999999999998,#41ab5d
SRSF2_p.P95H,TET2_p.H1380D,[],"['MPL_p.W515L', 'JAK2_p.V617F', 'chr19p_CNLOH', 'KRAS_p.G60D', 'chr9p_CNLOH']",1,3,"[90.42999999999999, 88.63999999999999, 62.49, 24.81999999999999, 3.4899999999999984, 0, 0]",58,90.42999999999999,#fd8d3c
KRAS_p.G60D,SRSF2_p.P95H,"['MPL_p.W515L', 'JAK2_p.V617F', 'chr19p_CNLOH']",[],4,4,"[0.26, 0.75, 1.76, 0.44, 0, 0, 0]",58,1.76,#9b191c
JAK2_p.V617F,SRSF2_p.P95H,"['MPL_p.W515L', 'chr19p_CNLOH', 'KRAS_p.G60D']",['chr9p_CNLOH'],4,4,"[0, 2.2, 19.09, 59.51, 41.099999999999994, 25.93, 2.269999999999996]",59,59.51,#f0a1a1
MPL_p.W515L,SRSF2_p.P95H,"['JAK2_p.V617F', 'chr19p_CNLOH', 'KRAS_p.G60D']",[],4,4,"[0, 0.51, 2.38, 6.04, 1.67, 0, 0]",59,6.04,#da2b2b
chr19p_CNLOH,SRSF2_p.P95H,"['MPL_p.W515L', 'JAK2_p.V617F', 'KRAS_p.G60D']",[],4,4,"[0, 0, 1.14, 0, 31.13, 51.15, 45.56]",60,51.15,#fad4d4
chr9p_CNLOH,JAK2_p.V617F,[],[],1,5,"[0, 0, 0, 2.19, 7.19, 10.21, 40.02]",61,40.02,#834594