Sample name,Age sample taken,Months to diagnosis (in pre-AML case/ matched pre-AML case for controls),Age at AML diagnosis (in pre-AML case/ matched pre-AML case in controls),Matched sample,mCA caller,mCA type,Chromosome,Start,End,Span (Mb),Cell fraction,95% lower cell fraction (phased caller),95% upper cell fraction (phased caller),p-value (phased caller),Significant (phased caller),Index timepoint (for phasing)
C92_003_s13,74,2,75,CNTRL_002_s8,unphased,LOSS,chr7,136948223,153635115,16.686892,0.32597265801429,,,,,
C92_003_s12,74,13,75,CNTRL_002_s7,phased,LOSS,chr7,136948223,153635115,16.686892,0.106012014495325,0.0628598666835644,0.147283522889851,2.08938268430499e-05,TRUE,C92_003_s13
C92_003_s8,72,36,75,CNTRL_002_s6,phased,LOSS,chr7,136948223,153635115,16.686892,0.0677683221783402,0.0227499862751322,0.110782324118781,0.00254823365559514,TRUE,C92_003_s13
C92_003_s5,70,61,75,CNTRL_002_s4,phased,LOSS,chr7,136948223,153635115,16.686892,0.041616858952638,0.00802816775522725,0.0740915867179044,0.00880727908327426,TRUE,C92_003_s13
C92_003_s2,67,96,75,CNTRL_002_s2,phased,LOSS,chr7,136948223,153635115,16.686892,0.0203196908057513,0,0.0699615423957418,0.212096322185809,FALSE,C92_003_s13
C92_012_s7,67,18,68,CNTRL_196_s7,unphased,CN-LOH,chr19,50268078,59128983,8.860905,0.521011748213984,,,,,
C92_012_s8,68,5,68,CNTRL_196_s8,phased,CN-LOH,chr19,50268078,59128983,8.860905,0.146854000957739,0.109783073618479,0.183924928296999,1.4156807301731e-08,TRUE,C92_012_s7
C92_022_s7,64,23,66,CNTRL_181_s7,unphased,CN-LOH,chr9,1,38461740,38.461739,0.400245716248423,,,,,
C92_022_s6,63,35,66,CNTRL_181_s6,phased,CN-LOH,chr9,1,38461740,38.461739,0.102137955570391,0.081329740979118,0.122946170161665,4.79638957677458e-15,TRUE,C92_022_s7
C92_022_s5,62,47,66,CNTRL_181_s5,phased,CN-LOH,chr9,1,38461740,38.461739,0.0719157430307702,0.0517796958218532,0.0920517902396871,5.05184303953617e-10,TRUE,C92_022_s7
C92_022_s4,61,57,66,CNTRL_181_s4,phased,CN-LOH,chr9,1,38461740,38.461739,0.0219225233224323,0.0102983825014561,0.0335466641434085,0.000172693841792309,TRUE,C92_022_s7
C92_022_s3,60,70,66,CNTRL_181_s3,phased,CN-LOH,chr9,1,38461740,38.461739,0.000311585143499793,0,0.0112521136122802,0.47741848464784,FALSE,C92_022_s7
C92_022_s2,59,81,66,CNTRL_181_s2,phased,CN-LOH,chr9,1,38461740,38.461739,0,0,0.00223986554314579,0.947950646953776,FALSE,C92_022_s7
C92_022_s1,58,96,66,CNTRL_181_s1,phased,CN-LOH,chr9,1,38461740,38.461739,0,0,0.000940113426111706,0.96307027830175,FALSE,C92_022_s7
C92_022_s7,64,23,66,CNTRL_181_s7,unphased,CN-LOH,chr19,1,18982037,18.982036,0.4555931217898,,,,,
C92_022_s6,63,35,66,CNTRL_181_s6,phased,CN-LOH,chr19,1,18982037,18.982036,0.511522088678093,0.499419621372115,0.523624555984071,1.20021221103238e-41,TRUE,C92_022_s7
C92_022_s5,62,47,66,CNTRL_181_s5,phased,CN-LOH,chr19,1,18982037,18.982036,0.311263409171775,0.276975987847189,0.345550830496361,2.20420188544412e-21,TRUE,C92_022_s7
C92_022_s4,61,57,66,CNTRL_181_s4,phased,CN-LOH,chr19,1,18982037,18.982036,0.0100997150836864,0,0.0250107231647438,0.0892560249916035,FALSE,C92_022_s7
C92_022_s3,60,70,66,CNTRL_181_s3,phased,CN-LOH,chr19,1,18982037,18.982036,0.0114153035541865,0,0.0242099849662623,0.0394295794091584,TRUE,C92_022_s7
C92_022_s2,59,81,66,CNTRL_181_s2,phased,CN-LOH,chr19,1,18982037,18.982036,0.00160917298635222,0,0.0208340939808737,0.433258178284823,FALSE,C92_022_s7
C92_022_s1,58,96,66,CNTRL_181_s1,phased,CN-LOH,chr19,1,18982037,18.982036,0.00552390166993531,0,0.0220279297452758,0.250942647280142,FALSE,C92_022_s7
C92_034_s7,74,55,78,CNTRL_191_s7,unphased,GAIN,chrX,1,155270560,155.270559,1,,,,,
C92_034_s6,73,65,78,CNTRL_191_s6,phased,GAIN,chrX,1,155270560,155.270559,0.999275060288442,0.973524267487318,1,7.60390189966024e-217,TRUE,C92_034_s7
C92_034_s5,72,77,78,CNTRL_191_s5,phased,GAIN,chrX,1,155270560,155.270559,0.98887714999715,0.964304620894779,1,4.70843303080645e-219,TRUE,C92_034_s7
C92_034_s4,71,90,78,CNTRL_191_s4,phased,GAIN,chrX,1,155270560,155.270559,0.991620309206958,0.968439832001765,1,2.46614646883489e-226,TRUE,C92_034_s7
C92_034_s3,70,101,78,CNTRL_191_s3,phased,GAIN,chrX,1,155270560,155.270559,1,0.978681824081111,1,9.16805143744664e-235,TRUE,C92_034_s7
C92_034_s2,69,114,78,CNTRL_191_s2,phased,GAIN,chrX,1,155270560,155.270559,1,0.985442765465272,1,1.32636259583563e-242,TRUE,C92_034_s7
C92_034_s1,68,127,78,CNTRL_191_s1,phased,GAIN,chrX,1,155270560,155.270559,0.985339939088995,0.962991408515667,1,2.41984595222383e-229,TRUE,C92_034_s7
C92_056_s4,73,4,73,CNTRL_186_s4,unphased,CN-LOH,chr4,80499854,191154276,110.654422,0.912328438615829,,,,,
C92_056_s3,71,22,73,CNTRL_186_s3,phased,CN-LOH,chr4,80499854,191154276,110.654422,0.953367615034281,0.922164026029252,0.98457120403931,4.40548283983958e-149,TRUE,C92_056_s4
C92_056_s2,70,34,73,CNTRL_186_s2,phased,CN-LOH,chr4,80499854,191154276,110.654422,0.93216536814816,0.882521815188704,0.981808921107615,1.64811690755201e-84,TRUE,C92_056_s4
C92_056_s1,69,47,73,CNTRL_186_s1,phased,CN-LOH,chr4,80499854,191154276,110.654422,0.882079979556313,0.805481366682023,0.958678592430602,1.06371530275582e-47,TRUE,C92_056_s4
C92_062_s3,68,46,72,CNTRL_175_s3,unphased,CN-LOH,chr4,74745861,191154276,116.408415,0.925088583874731,,,,,
C92_062_s2,68,54,72,CNTRL_175_s2,phased,CN-LOH,chr4,74745861,191154276,116.408415,0.893066758405766,0.86209949870834,0.924034018103192,4.43439326243478e-152,TRUE,C92_062_s3
C92_062_s1,66,70,72,CNTRL_175_s1,phased,CN-LOH,chr4,74745861,191154276,116.408415,0.846875114701042,0.819262927035169,0.874487302366914,8.54031787236841e-137,TRUE,C92_062_s3
CNTRL_185_s4,74,,,C92_042_s4,unphased,CN-LOH,chr15,42729994,102531392,59.801398,0.154366850662354,,,,,
CNTRL_185_s3,73,,,C92_042_s3,phased,CN-LOH,chr15,42729994,102531392,59.801398,0.141815669997798,0.124344988767189,0.159286351228406,7.37193813963903e-31,TRUE,CNTRL_185_s4
CNTRL_185_s2,72,,,C92_042_s2,phased,CN-LOH,chr15,42729994,102531392,59.801398,0.119120486919906,0.102447184756858,0.135793789082954,1.7678373956993e-27,TRUE,CNTRL_185_s4
CNTRL_185_s1,71,,,C92_042_s1,phased,CN-LOH,chr15,42729994,102531392,59.801398,0.116821371518778,0.100120558969303,0.133522184068252,7.14100379515282e-27,TRUE,CNTRL_185_s4
