sample_timepoint,consensus_type,chromosome,position,total_depth
C92_003_s12,DCS,chr2,25458595,560
C92_003_s12,DCS,chr2,25462077,596
C92_003_s12,DCS,chr2,25463286,669
C92_003_s12,DCS,chr8,117864806,484
C92_003_s13,DCS,chr2,25462077,331
C92_003_s13,DCS,chr2,25463286,412
C92_003_s13,DCS,chr8,117864806,351
C92_003_s5,DCS,chr21,36206862,1424
C92_003_s6,DCS,chr2,25458595,1514
C92_003_s6,DCS,chr2,25462077,1551
C92_003_s6,DCS,chr2,25463286,1812
C92_003_s6,DCS,chr21,36206862,1221
C92_003_s6,DCS,chr8,117864806,1260
C92_003_s8,DCS,chr2,25458595,357
C92_003_s8,DCS,chr2,25462077,428
C92_003_s8,DCS,chr2,25463286,424
C92_003_s8,DCS,chr8,117864806,349
C92_005_s10,DCS,chr2,25467446,1315
C92_005_s10,DCS,chr3,128202816,1127
C92_005_s10,DCS,chr4,106156711,1269
C92_005_s11,DCS,chr4,106156711,524
C92_005_s9,DCS,chr2,25467446,2319
C92_005_s9,DCS,chr3,128202816,2115
C92_007_s10,DCS,chr15,90631934,1435
C92_007_s10,DCS,chr17,74732959,1803
C92_007_s10,DCS,chr2,209113112,313
C92_007_s10,DCS,chr22,29095846,751
C92_007_s3,DCS,chr2,209113112,2476
C92_007_s4,DCS,chr2,209113112,389
C92_007_s8,DCS,chr15,90631934,1022
C92_007_s9,DCS,chr15,90631934,1615
C92_007_s9,DCS,chr22,29095846,1127
C92_008_s10,DCS,chr4,106190804,1879
C92_009_s7,DCS,chr21,44514777,870
C92_009_s8,DCS,chr21,44514777,623
C92_012_s1,DCS,chr4,106157848,1691
C92_012_s7,DCS,chr21,36259204,1320
C92_012_s7,DCS,chr4,106180786,958
C92_012_s8,DCS,chr21,36259204,332
C92_012_s8,DCS,chr4,106180786,195
C92_016_s4,DCS,chr11,32417916,1029
C92_016_s4,DCS,chr5,170837543,421
C92_016_s5,DCS,chr11,32417916,1682
C92_016_s5,DCS,chr5,170837543,856
C92_016_s5,SSCS,chr13,28608046,3433
C92_016_s6,SSCS,chr13,28608046,1643
C92_018_s4,DCS,chr5,170837543,556
C92_018_s5,DCS,chr11,32410666,1555
C92_018_s5,DCS,chr11,32417914,1443
C92_018_s5,DCS,chr5,170837543,497
C92_018_s6,DCS,chr11,32410666,1868
C92_018_s6,DCS,chr11,32417914,1721
C92_019_s2,DCS,chr4,106180848,2091
C92_019_s3,DCS,chr4,106180848,1637
C92_019_s5,DCS,chr20,31022640,2819
C92_019_s6,DCS,chr20,31022640,1471
C92_019_s8,DCS,chr20,31022640,3349
C92_022_s1,DCS,chr1,43815009,2175
C92_022_s1,DCS,chr9,5073770,937
C92_022_s4,DCS,chr11,119149251,824
C92_022_s5,DCS,chr11,119149251,2157
C92_022_s5,DCS,chr12,25380279,1967
C92_022_s6,DCS,chr1,43815009,2384
C92_022_s6,DCS,chr12,25380279,886
C92_022_s7,DCS,chr1,43815009,3015
C92_023_s1,DCS,chr1,43814942,2243
C92_023_s1,DCS,chr11,119148901,1321
C92_023_s1,DCS,chr4,106164913,2512
C92_023_s2,DCS,chr11,119148901,1236
C92_023_s3,DCS,chr1,43814942,2403
C92_023_s4,DCS,chr1,43814942,2138
C92_023_s6,DCS,chr11,119149239,1206
C92_023_s7,DCS,chr11,119149239,1451
C92_023_s7,DCS,chr4,106164913,2098
C92_023_s7,DCS,chrX,129171502,2515
C92_024_s6,DCS,chr11,32417924,1782
C92_024_s7,DCS,chr11,32417924,2075
C92_032_s2,DCS,chr2,25464451,3691
C92_032_s3,DCS,chr2,25464451,2649
C92_034_s1,DCS,chr4,106180865,1637
C92_034_s2,DCS,chr4,106180865,2403
C92_034_s3,DCS,chr7,148511214,2780
C92_034_s4,DCS,chr17,74732959,2721
C92_034_s4,DCS,chr7,148511214,2519
C92_034_s5,DCS,chr17,74732959,2657
C92_034_s6,DCS,chr17,74732959,2414
C92_034_s7,DCS,chr4,106180865,1572
C92_042_s2,DCS,chr2,198267359,964
C92_042_s3,DCS,chr2,198267359,1352
C92_045_s2,DCS,chr2,25458595,230
C92_045_s2,DCS,chr2,25466799,297
C92_045_s3,DCS,chr2,25458595,428
C92_045_s3,DCS,chr2,25466799,515
C92_047_s1,DCS,chr2,25471076,2981
C92_047_s2,DCS,chr2,25471076,2921
C92_047_s2,DCS,chr21,36252866,1700
C92_047_s3,DCS,chr21,36252866,1558
C92_052_s3,DCS,chr17,74732959,773
C92_052_s3,DCS,chr5,176940752,685
C92_052_s4,DCS,chr17,74732959,318
C92_052_s4,DCS,chr5,176940752,353
C92_053_s1,DCS,chr17,7577551,1868
C92_054_s2,DCS,chr21,36164467,2797
C92_054_s3,DCS,chr21,36164467,898
C92_055_s1,DCS,chr5,170837543,476
C92_055_s2,DCS,chr5,170837543,517
C92_056_s2,DCS,chr7,148506428,1859
C92_056_s3,DCS,chr7,148506428,1735
C92_056_s4,DCS,chr1,43815008,1031
C92_064_s1,DCS,chr19,33792917,117
C92_064_s2,DCS,chr19,33792917,17
C92_070_s2,DCS,chr17,7577580,1185
C92_072_s1,DCS,chrX,123181272,1073
C92_086_s1,DCS,chr9,5073770,986
C92_086_s2,DCS,chr4,106157969,2092
C92_086_s3,DCS,chr4,106157969,1989
C92_090_s1,DCS,chr2,25461999,1413
CNTRL_001_s10,DCS,chr2,25463586,705
CNTRL_001_s10,DCS,chr2,25505429,717
CNTRL_001_s9,DCS,chr2,25463586,302
CNTRL_002_s2,DCS,chr17,7578479,233
CNTRL_002_s4,DCS,chr20,31024033,2460
CNTRL_002_s5,DCS,chr20,31024033,1029
CNTRL_002_s7,DCS,chr20,31024033,1301
CNTRL_002_s8,DCS,chr20,31024033,1626
CNTRL_004_s10,DCS,chr2,25463302,1629
CNTRL_160_s1,DCS,chr4,106164920,1926
CNTRL_160_s2,DCS,chr4,106164920,2091
CNTRL_162_s1,DCS,chr17,7579888,270
CNTRL_162_s1,DCS,chrX,123195687,212
CNTRL_162_s3,DCS,chr17,7579888,450
CNTRL_162_s3,DCS,chrX,123195687,292
CNTRL_162_s4,DCS,chr17,7579888,3609
CNTRL_162_s4,DCS,chrX,123195687,1535
CNTRL_163_s1,DCS,chr20,57428578,2565
CNTRL_163_s2,DCS,chr20,57428578,1690
CNTRL_163_s6,DCS,chr17,7577114,1544
CNTRL_168_s4,DCS,chr2,25467207,827
CNTRL_173_s1,DCS,chr2,25463182,1204
CNTRL_173_s2,DCS,chr2,25463182,1488
CNTRL_179_s6,DCS,chrX,15822297,682
CNTRL_179_s7,DCS,chrX,15822297,1007
CNTRL_194_s6,DCS,chr1,1747255,1596
CNTRL_194_s7,DCS,chr1,1747255,1627
CNTRL_196_s4,DCS,chr2,25463280,4613
CNTRL_196_s5,DCS,chr2,25463280,2618
CNTRL_197_s6,DCS,chr4,106197285,2916
CNTRL_199_s4,DCS,chr15,90631935,858
CNTRL_199_s5,DCS,chr15,90631935,1026
CNTRL_199_s7,DCS,chr15,90631935,1178
CNTRL_203_s3,DCS,chr12,25378647,889
CNTRL_203_s4,DCS,chr12,25378647,1065
