Exon / Intron,Start,End
Exon 1,118307205,118307659
Intron 1-2,118307660,118339489
Exon 2,118339490,118339559
Intron 2-3,118339560,118342376
Exon 3,118342377,118345030
Intron 3-4,118345031,118347519
Exon 4,118347520,118347697
Intron 4-5,118347698,118348681
Exon 5,118348682,118348916
Intron 5-6,118348917,118350888
Exon 6,118350889,118350953
Intron 6-7,118350954,118352429
Exon 7,118352430,118352807
Intron 7-8,118352808,118353136
Exon 8,118353137,118353210
Intron 8-9,118353211,118354897
Exon 9,118354898,118355029
Intron 9-10,118355030,118355576
Exon 10,118355577,118355690
Intron 10-11,118355691,118359328
Exon 11,118359329,118359475
Intron 11-12,118359476,118360506
Exon 12,118360507,118360602
Intron 12-13,118360603,118360843
Exon 13,118360844,118360964
Intron 13-14,118360965,118361910
Exon 14,118361911,118362033
Intron 14-15,118362034,118362458
Exon 15,118362459,118362643
Intron 15-16,118362644,118363771
Exon 16,118363772,118363945
Intron 16-17,118363946,118365002
Exon 17,118365003,118365113
Intron 17-18,118365114,118365408
Exon 18,118365409,118365482
Intron 18-19,118365483,118366414
Exon 19,118366415,118366608
Intron 19-20,118366609,118366975
Exon 20,118366976,118367082
Intron 20-21,118367083,118368650
Exon 21,118368651,118368788
Intron 21-22,118368789,118369084
Exon 22,118369085,118369243
Intron 22-23,118369244,118370017
Exon 23,118370018,118370135
Intron 23-24,118370136,118370549
Exon 24,118370550,118370628
Intron 24-25,118370629,118371701
Exon 25,118371702,118371862
Intron 25-26,118371863,118372386
Exon 26,118372387,118372572
Intron 26-27,118372573,118373112
Exon 27,118373113,118377361
Intron 27-28,118377362,118378243
Exon 28,118378244,118378324
Intron 28-29,118378325,118379850
Exon 29,118379851,118379915
Intron 29-30,118379916,118380662
Exon 30,118380663,118380833
Intron 30-31,118380834,118382665
Exon 31,118382666,118382740
Intron 31-32,118382741,118390332
Exon 32,118390333,118390507
Intron 32-33,118390508,118390671
Exon 33,118390672,118390779
Intron 33-34,118390780,118391516
Exon 34,118391517,118391600
Intron 34-35,118391601,118392002
Exon 35,118392003,118392132
Intron 35-36,118392133,118392611
Exon 36,118392612,118397539